  {"stars":{"1":{"count":13,"percent":3},"2":{"count":14,"percent":3},"3":{"count":33,"percent":10},"4":{"count":78,"percent":22},"5":{"count":223,"percent":62}},"rating_average":4.5,"reviews_count":361,"review_photo":{"total":38,"total_photo":54},"data":[{"id":2138445,"title":"ph\u1ea3n h\u1ed3i v\u1ec1 v\u1ea5n \u0111\u1ec1 l\u1ed7i c\u1ee7a loa","content":"ngay t\u1eeb khi b\u1eaft \u0111\u1ea7u s\u1eed d\u1ee5ng m\u00ecnh c\u1ea3m th\u1ea5y loa c\u00f3 ti\u1ebfng b\u1ecb r\u00e8 m\u1eb7c d\u00f9 m\u00ecnh t\u1eaft nh\u1ea1c v\u00e0 ch\u1ec9 \u0111\u1ec3 ho\u1ea1t \u0111\u1ed9ng \u1edf m\u1ee9c 50 ph\u1ea7n tr\u0103m c\u00f4ng su\u1ea5t. v\u00e0 m\u00ecnh ngh\u0129 l\u00e0 m\u1edbi \u0111\u1ea7u c\u00f3 l\u1ebd n\u00f3 b\u1ecb nh\u01b0 v\u1eady nh\u01b0ng sau kho\u1ea3ng 1 tu\u1ea7n h\u01a1n s\u1eed d\u1ee5ng m\u00ecnh c\u1ea3m th\u1ea5y th\u1ef1c s\u1ef1 kh\u00f3 ch\u1ecbu v\u00ec ti\u1ebfng r\u00e8 r\u00e8 \u1ea5y. mong h\u00e3ng s\u1ebd c\u00f3 ph\u01b0\u01a1ng \u00e1n s\u1eed l\u00ed cho m\u00ecnh. c\u1ea3m \u01a1n","status":"approved","thank_count":5,"score":0.0095401099999999992,"new_score":0.12061947000000001,"customer_id":11505552,"comment_count":2,"rating":1,"images":[],"thanked":false,"created_at":1554650669,"created_by":{"id":11505552,"name":"Ph\u1ea1m V\u0103n Huy","region":null,"avatar_url":"\/\/tiki.vn\/assets\/img\/avatar.png","purchased":true,"purchased_at":1553614528},"product_id":375565},{"id":3335978,"title":"B\u00e1n h\u00e0ng h\u01b0 1 b\u00ean loa, tr\u1ea3 h\u00e0ng th\u00ec nhi\u00eau kh\u00ea r\u01b0\u1eddm r\u00e0, l\u1eeba \u0111\u1ea3o","content":"M\u1edf h\u00e0ng ra kh\u00f4ng x\u00e0i \u0111\u01b0\u1ee3c, \u0111\u00e3 ph\u1ea3i \u0111i \u0111\u1eb7t m\u1ed9t loa c\u1ee7a h\u00e3ng kh\u00e1c, xong l\u00fac tr\u1ea3 h\u00e0ng n\u0103m l\u1ea7n b\u1ea3y l\u01b0\u1ee3t h\u1eb9n kh\u00f4ng \u0111\u01b0\u1ee3c, r\u1ed3i \u0111\u1ebfn kh\u00f4ng g\u1ecdi tr\u01b0\u1edbc v\u00e0 th\u00e1i \u0111\u1ed9 r\u1ea5t m\u1ea5t d\u1ea1y, v\u00f4 h\u1ecdc, ngu ng\u1ee5c. L\u00e0m \u0103n th\u1ebf n\u00e0y kh\u00f4ng ch\u00f3ng th\u00ec ch\u00e0y s\u1ebd b\u1ecb ph\u00e1 s\u1ea3n","status":"approved","thank_count":0,"score":2.1581196600000001,"new_score":0.12026294999999999,"customer_id":1140972,"comment_count":1,"rating":1,"images":[],"thanked":false,"created_at":1586145717,"created_by":{"id":1140972,"name":"V\u0169 Ho\u00e0ng Th\u00e1i","full_name":"V\u0169 Ho\u00e0ng Th\u00e1i","region":null,"avatar_url":"\/\/tiki.vn\/assets\/img\/avatar.png","purchased":true,"purchased_at":1585287117},"product_id":375565},{"id":3302275,"title":"R\u1ea5t kh\u00f4ng h\u00e0i l\u00f2ng","content":"mua loa xong n\u1ed5 b\u1ecbch b\u1ecbch nh\u01b0 m\u00e1y c\u00e0y tr\u1ea3 ho\u00e0n kh\u00f4ng \u0111\u01b0\u1ee3c. \u0111\u1ed5i c\u0169ng k xong. Nh\u00e2n vi\u00ean l\u1ea5y h\u00e0ng l\u1ea1i t\u1eeb tu\u1ea7n tr\u01b0\u1edbc k\u00eau 48h ph\u1ea3n h\u1ed3i m\u00e0. m\u00e3i k c\u00f3 ph\u1ea3n h\u1ed3i ch\u1eb3ng hi\u1ec3u l\u00e0m \u0103n ki\u1ec3u g\u00ec :). G\u1ecdi t\u1ed5ng \u0111\u00e0i th\u00ec v\u1eabn \u0111ang ki\u1ec3m tra \ud83d\ude0c","status":"approved","thank_count":0,"score":1.1938534300000001,"new_score":0.11751839,"customer_id":14245205,"comment_count":1,"rating":1,"images":[],"thanked":false,"created_at":1585723704,"created_by":{"id":14245205,"name":"\u0110\u1ed7 V\u0103n Quang","full_name":"\u0110\u1ed7 V\u0103n Quang","region":null,"avatar_url":"\/\/tiki.vn\/assets\/img\/avatar.png","purchased":true,"purchased_at":1585135829},"product_id":375565},{"id":2795444,"title":"R\u1ea5t kh\u00f4ng h\u00e0i l\u00f2ng","content":"Khuy\u00ean ai c\u00f3 \u00fd \u0111\u1ecbnh th\u00ec k n\u00ean mua nh\u00e9. Jack c\u1eafm 2 loa con c\u00f3 v\u1ea5n \u0111\u1ec1, l\u1ecfng l\u1ebdo \u0111ang nghe th\u00ec ch\u1ebft nh\u1ea1c 1 loa con, ph\u1ea3i \u0111i\u1ec1u ch\u1ec9nh jack c\u1eafm m\u1edbi nghe l\u1ea1i \u0111c nh\u01b0ng k kh\u1eafc ph\u1ee5c ho\u00e0n to\u00e0n","status":"approved","thank_count":0,"score":7.0138888899999996,"new_score":0.11067758,"customer_id":6377202,"comment_count":1,"rating":1,"images":[],"thanked":false,"created_at":1577761703,"created_by":{"id":6377202,"name":"Minh Ti\u1ebfn","full_name":"Minh Ti\u1ebfn","region":null,"avatar_url":"\/\/tiki.vn\/assets\/img\/avatar.png","purchased":true,"purchased_at":1575599212},"product_id":375565},{"id":2096628,"title":"Ch\u1ea5t l\u01b0\u1ee3ng k\u00e9m","content":"Ch\u1ea5t l\u01b0\u1ee3ng qu\u00e1 k\u00e9m, loa b\u1ecb nhi\u1ec5u s\u00f3ng AM, FM. N\u1eeda \u0111\u00eam loa ko t\u1eaft m\u00e1y m\u1eb7c d\u00f9 ko c\u00f3 ngu\u1ed3n ph\u00e1t nh\u01b0ng v\u1eabn t\u1ef1 ph\u00e1t ra \u0111\u00e0i AM, FM c\u1ee9 nh\u01b0 ma","status":"approved","thank_count":11,"score":0.014848699999999999,"new_score":0.10298573,"customer_id":454143,"comment_count":0,"rating":1,"images":[],"thanked":false,"created_at":1552891072,"created_by":{"id":454143,"name":"Th\u1ecd V\u00f5","region":null,"avatar_url":"\/\/tiki.vn\/assets\/img\/avatar.png","purchased":true,"purchased_at":1552057525},"product_id":375565},{"id":2593336,"title":"C\u1eb7p loa nhorc1 nghe \u0111c 1 nghe ko dc . Gi\u1edd shop s\u1eed l\u00fd d\u00f9ng m\u00ecnh","content":"Mong \u0111c \u0111\u1ed5i l\u1ea1i c\u1eb7p loa nh\u1ecf ko nghe dc shop n\u00ean mong shop s\u1eed l\u00fd","status":"approved","thank_count":0,"score":1.07305936,"new_score":0.10095119,"customer_id":11508687,"comment_count":1,"rating":1,"images":[{"id":641710,"full_path":"https:\/\/vcdn.tikicdn.com\/ts\/review\/63\/91\/2b\/c40aee729705bc62725b67915e1c650a.jpg"},{"id":641711,"full_path":"https:\/\/vcdn.tikicdn.com\/ts\/review\/17\/e2\/56\/88d9d277544d7806acee916e04f65f3c.jpg"}],"thanked":false,"created_at":1572777090,"created_by":{"id":11508687,"name":"NG\u00d4 GIA KHOA KH\u1ea2I","region":null,"avatar_url":"https:\/\/lh5.googleusercontent.com\/-_Qi_7-bYU3k\/AAAAAAAAAAI\/AAAAAAAAABE\/cmkFbqgPqwI\/photo.jpg","purchased":true,"purchased_at":1572749312},"product_id":375565},{"id":2835718,"title":"R\u1ea5t kh\u00f4ng h\u00e0i l\u00f2ng","content":"ko k\u1ebft  n\u1ed1i dc bluetooth. ch\u1ec9 c\u1eafm dc r\u1eafc sam sung nhi\u1ec1u khi c\u1ee7ng b\u1ea5t ti\u1ec7n","status":"approved","thank_count":0,"score":3.11728395,"new_score":0.096937969999999998,"customer_id":15206110,"comment_count":1,"rating":1,"images":[],"thanked":false,"created_at":1578333563,"created_by":{"id":15206110,"name":"L Chu","full_name":"L Chu","region":null,"avatar_url":"https:\/\/s120.avatar.talk.zdn.vn\/5\/4\/0\/3\/2\/120\/35acea7f0fc55ae23a49a84db8852844.jpg","purchased":true,"purchased_at":1575669048},"product_id":375565},{"id":1746814,"title":"Ch\u1ea5t l\u01b0\u1ee3ng qu\u00e1 k\u00e9m","content":"M\u1edbi d\u00f9ng \u0111\u01b0\u1ee3c 2 ng\u00e0y, loa bass  c\u00f3 \u00e2m thanh r\u00e8 r\u00e8 d\u00f9 kh\u00f4ng m\u1edf g\u00ec. Kh\u00f4ng tin t\u01b0\u1edfng \u0111\u01b0\u1ee3c ch\u1ea5t l\u01b0\u1ee3ng.","status":"approved","thank_count":3,"score":0.0071643399999999999,"new_score":0.096405710000000006,"customer_id":7716287,"comment_count":0,"rating":1,"images":[],"thanked":false,"created_at":1535937454,"created_by":{"id":7716287,"name":"Nguy\u1ec5n \u0110\u00ecnh T\u00e2m","region":null,"avatar_url":"\/\/tiki.vn\/assets\/img\/avatar.png","purchased":true,"purchased_at":1534844994},"seller":{"id":2180,"name":"Dmart Computer","logo":"https:\/\/vcdn.tikicdn.com\/ts\/seller\/1e\/f9\/89\/4395ab7457258966f1d50e4a4b64e345.jpg"},"product_id":375565},{"id":1939281,"title":"2 Loa nh\u1ecf nghe b\u1ecb r\u00e8","content":"\u00c2m thanh ch\u01b0a t\u1ed1t h\u01a1i th\u1ea5t v\u1ecdng v\u1edbi s\u1ea3n ph\u1ea9m  d\u00e2y c\u1eafm 2 loa th\u00ec d\u00f9ng 1 tu\u1ea7n \u0111\u00e3 ch\u1eadp ch\u1eddn","status":"approved","thank_count":4,"score":0.0096975099999999995,"new_score":0.095994860000000001,"customer_id":6661778,"comment_count":0,"rating":1,"images":[],"thanked":false,"created_at":1542637247,"created_by":{"id":6661778,"name":"Zalo Nguy\u1ec5n Th\u00e0nh Nh\u01a1n","region":null,