  {"stars":{"1":{"count":28,"percent":4},"2":{"count":17,"percent":2},"3":{"count":25,"percent":5},"4":{"count":116,"percent":20},"5":{"count":396,"percent":69}},"rating_average":4.5,"reviews_count":582,"review_photo":{"total":234,"total_photo":335},"data":[{"id":2765005,"title":"Hao pin nhanh","content":"M\u00ecnh nh\u1eadn \u0111\u01b0\u1ee3c h\u00e0ng ng\u00e0y 17\/12 th\u00ec dung l\u01b0\u1ee3ng c\u00f2n pin c\u00f2n 44%, qua ngay h\u00f4m sau 24h pin t\u1ee5t c\u00f2n 31%, r\u1ed3i \u0111\u1ebfn ng\u00e0y 20\/12 m\u00ecnh c\u00f2n 9%, m\u00ecnh \u0111em s\u1ea1c pin \u0111\u1ea7y s\u00e1ng r\u00fat ra v\u00e0 m\u00ecnh \u0111\u1ec3 \u1edf nh\u00e0, chi\u1ec1u v\u1ec1 th\u00ec th\u1ea5y t\u1ee5t c\u00f2n 99% , khoang 6 r\u01b0\u1ee1i m\u00ecnh c\u1ea7m theo ch\u1ea1y b\u1ed9 kho\u1ea3ng 1 ti\u1ebfng t\u1ee5t xu\u1ed1ng 98%, c\u1ea3m th\u1ea5y pin \u0111ang c\u00f3 v\u1ea5n \u0111\u1ec1, b\u00ecnh th\u01b0\u1eddng minh mua tiki r\u1ea5t nhi\u1ec1u tuy nhi\u00ean \u0111\u00e2y l\u00e0 l\u1ea7n \u0111\u1ea7u m\u00ecnh mua \u0111\u1ed3 c\u00f4ng ngh\u1ec7, coa t\u00ecm hi\u1ec3u qua th\u00ec d\u00f2ng n\u00e0y c\u00f3 th\u1ec3 s\u1eed d\u1ee5ng kho\u1ea3ng 20 ngay k s\u1ea1c, nh\u01b0ng m\u00ecnh m\u1edbi m\u1ea5y ng\u00e0y l\u00e0 h\u1ebft, mong tiki ki\u1ec3m tra \u0111\u1ec3 m\u00ecnh \u0111\u1ed5i l\u1ea1i ch\u1ee9 x\u00e0i m\u00e0 s\u1ea1c v\u1eady r\u1ea5t kh\u00f3 ch\u1ecbu","status":"approved","thank_count":4,"score":0.048427089999999999,"new_score":0.12591179,"customer_id":1394885,"comment_count":1,"rating":2,"images":[{"id":719288,"full_path":"https:\/\/vcdn.tikicdn.com\/ts\/review\/85\/01\/4b\/c11aecd37541d3fd495b89c55d94c56d.jpg"}],"thanked":false,"created_at":1576936995,"created_by":{"id":1394885,"name":"Tr\u01b0\u01a1ng B\u1ea3o Ng\u1ecdc","full_name":"Tr\u01b0\u01a1ng B\u1ea3o Ng\u1ecdc","region":null,"avatar_url":"\/\/tiki.vn\/assets\/img\/avatar.png","purchased":true,"purchased_at":1576563443},"product_id":25498007},{"id":2994309,"title":"Kh\u00f4ng th\u1ec3 t\u0103ng gi\u1ea3m \u00e2m l\u01b0\u1ee3ng trong \u0111i\u1ec1u khi\u1ec3n nh\u1ea1c","content":"M\u00ecnh mua d\u00f9ng \u0111\u01b0\u1ee3c 1 ng\u00e0y, l\u00fac m\u1edbi th\u1eed th\u00ec v\u1eabn t\u0103ng gi\u1ea3m \u00e2m l\u01b0\u1ee3ng \u0111\u01b0\u1ee3c, nh\u01b0ng gi\u1edd b\u1ea5m v\u00e0o t\u0103ng ho\u1eb7c gi\u1ea3m th\u00ec \u0111i\u1ec1u kh\u00f4ng c\u00f3 g\u00ec thay \u0111\u1ed5i, b\u1ea5m ng\u1eebng b\u00e0i v\u1edbi chuy\u1ec3n b\u00e0i th\u00ec v\u1eabn \u0111\u01b0\u1ee3c, nh\u01b0ng t\u0103ng gi\u1ea3m \u00e2m l\u01b0\u1ee3ng th\u00ec kh\u00f4ng \u0111\u01b0\u1ee3c. Xin h\u1ecfi \u0111\u00e2y l\u00e0 l\u1ed7i c\u1ee7a Mi band 4 \u0111\u00fang kh\u00f4ng \u1ea1? C\u00f3 th\u1ec3 \u0111\u1ed5i tr\u1ea3 kh\u00f4ng \u1ea1?","status":"approved","thank_count":0,"score":0.60334527999999998,"new_score":0.12318170000000001,"customer_id":1886867,"comment_count":1,"rating":2,"images":[],"thanked":false,"created_at":1581588560,"created_by":{"id":1886867,"name":"Tr\u1ea7n Gia Linh","full_name":"Tr\u1ea7n Gia Linh","region":null,"avatar_url":"\/\/tiki.vn\/assets\/img\/avatar.png","purchased":true,"purchased_at":1581342077},"product_id":25498007},{"id":3021041,"title":"Kh\u00f4ng c\u00f2n hi\u1ec3n th\u1ecb th\u00f4ng b\u00e1o cu\u1ed9c g\u1ecdi, tin nh\u1eafn,...n\u1eefa","content":"M\u00ecnh mua t\u1eeb 17\/1 \u0111\u1ebfn nay \u0111\u01b0\u1ee3c kho\u1ea3ng 1 th\u00e1ng, th\u1eddi gian \u0111\u1ea7u \u0111i\u1ec7n tho\u1ea1i hi\u1ec3n th\u1ecb \u0111\u1ea7y \u0111\u1ee7 th\u00f4ng b\u00e1o cu\u1ed9c g\u1ecdi, tin nh\u1eafn,...nh\u01b0ng g\u1ea7n \u0111\u00e2y th\u00ec ko th\u00f4ng b\u00e1o n\u1eefa. T\u00ednh n\u0103ng quan tr\u1ecdng nh\u01b0 v\u1eady m\u00e0 ko x\u00e0i \u0111\u01b0\u1ee3c th\u00ec c\u00f2n g\u00ec l\u00e0 \u0111\u1ed3ng h\u1ed3 th\u00f4ng minh n\u1eefa :((((","status":"approved","thank_count":0,"score":0.60334527999999998,"new_score":0.11992865,"customer_id":2231904,"comment_count":1,"rating":2,"images":[],"thanked":false,"created_at":1582033147,"created_by":{"id":2231904,"name":"Tran Nguyen","full_name":"Tran Nguyen","region":null,"avatar_url":"\/\/tiki.vn\/assets\/img\/avatar.png","purchased":true,"purchased_at":1579243249},"product_id":25498007},{"id":2953838,"title":"Kh\u00f4ng h\u00e0i l\u00f2ng","content":"th\u1ea5t v\u1ecdng v\u1ec1 sp. Bu\u1ed5i tr\u01b0a l\u1ea5y h\u00e0ng th\u00ec \u0111\u1ebfn bu\u1ed5i chi\u1ec1u d\u00f9ng m\u1ea5t 6% pin. D\u00f9ng th\u1eed ng\u00e0y h\u00f4m nay th\u00ec m\u1ed7i ng\u00e0y h\u1ebft h\u01a1n 10% pin m\u1eb7c d\u00f9 \u0111\u00e3 h\u1ea1n ch\u1ebf giao di\u1ec7n c\u00e1c th\u1ee9 .        \nM\u1edbi m\u1ea5y ng\u00e0y m\u00e0 \u0111\u00e3 nh\u01b0 v\u1eady th\u00ec mu\u1ed1n d\u00f9ng m\u1ed9t th\u1eddi gian n\u1eefa s\u1ebd th\u1ebf n\u00e0o","status":"approved","thank_count":0,"score":1.9348658999999999,"new_score":0.11941412,"customer_id":8374764,"comment_count":1,"rating":2,"images":[],"thanked":false,"created_at":1580948545,"created_by":{"id":8374764,"name":"Ph\u1ea1m Ch\u00ednh","full_name":"Ph\u1ea1m Ch\u00ednh","region":null,"avatar_url":"https:\/\/platform-lookaside.fbsbx.com\/platform\/profilepic\/?asid=305841980234912&height=200&width=200&ext=1541858538&hash=AeRGFZmg5ulMjaO4","purchased":true,"purchased_at":1580020249},"product_id":25498007},{"id":2638409,"title":"G\u1edfi Tiki!","content":"Giao r\u1ea5t nhanh so v\u1edbi \u0111\u01a1n h\u00e0ng. Nh\u01b0ng pin x\u00e0i 2 ng\u00e0y h\u1ebft 40%. V\u1eady 1 tu\u1ea7n ch\u01b0a \u0111\u1ee7 hu\u1ed1ng chi 2 tu\u1ea7n. V\u1eady m\u00e0 gi\u1edbi thi\u1ec7u l\u00e0 x\u00e0i dc 20 ng\u00e0y. Gi\u1edbi thi\u1ec7u cho \u0111\u00fang nghen Tiki! \nT\u00f4i mu\u1ed1n \u0111\u1ed5i  \u0111\u00fang sp. Dc ko?","status":"approved","thank_count":0,"score":0.73899371000000003,"new_score":0.11794905,"customer_id":13320478,"comment_count":1,"rating":2,"images":[{"id":659740,"full_path":"https:\/\/vcdn.tikicdn.com\/ts\/review\/c6\/f6\/3b\/33207ed5356d6952bdf85203112364b2.jpg"},{"id":659741,"full_path":"https:\/\/vcdn.tikicdn.com\/ts\/review\/6d\/f5\/a7\/95abbf5933b36cd98d51f3685cc289b1.jpg"}],"thanked":false,"created_at":1573703742,"created_by":{"id":13320478,"name":"\u0111\u1eb7ng cao minh qu\u00fd","region":null,"avatar_url":"\/\/tiki.vn\/assets\/img\/avatar.png","purchased":true,"purchased_at":1573394061},"product_id":25498007},{"id":2691233,"title":"\u0111\u00e3 mua nh\u01b0ng kh\u00f4ng h\u00e0i l\u00f2ng l\u1eafm","content":"M\u00ecnh nh\u1eadn th\u00ec th\u1ea5y t\u00ecnh h\u00ecnh h\u1ed9p h\u01a1i c\u0169,m\u1edf ra th\u00ec s\u1ea3n ph\u1ea9m kh\u00f4ng l\u00ean ngu\u1ed3n do h\u1ebft pin ph\u1ea3i s\u1ea1c. kh\u00f4ng bi\u1ebft ph\u1ea3i h\u00e0ng qua sd kh\u00f4ng.","status":"approved","thank_count":0,"score":3.1333333300000001,"new_score":0.11009851,"customer_id":7038271,"comment_count":1,"rating":2,"images":[{"id":684348,"full_path":"https:\/\/vcdn.tikicdn.com\/ts\/review\/24\/2b\/c6\/4dbb0a5ba4f6f369eef4a1049519f5ac.jpg"},{"id":684349,"full_path":"https:\/\/vcdn.tikicdn.com\/ts\/review\/96\/b1\/de\/01161b232be9095e92307afc67c337ea.jpg"}],"thanked":false,"created_at":1575119066,"created_by":{"id":7038271,"name":"Tr\u1ea7n Ng\u1ecdc Tri\u1ec1u","region":null,"avatar_url":"\/\/tiki.vn\/assets\/img\/avatar.png","purchased":true,"purchased_at":1575107762},"product_id":25498007},{"id":2566500,"title":"Kh\u00f4ng h\u00e0i l\u00f2ng","content":"Ko hi\u1ec3u \u0111\u1eb7t \u0111c ch\u01b0a m\u00e0 ch\u1eb3ng th\u1ea5y n\u00f3i g\u00ec. C\u0169ng ko th\u1ea5y g\u1ecdi \u0111i\u1ec7n x\u00e1c nh\u1eadn. Mu\u1ed1n h\u1ee7y \u0111\u01a1n h\u00e0ng m\u00e0 k bi\u1ebft h\u1ee7y nh\u01b0 n\u00e0o??","status":"approved","thank_count":0,"score":0.72281958999999996,"new_score":0.10558650999999999,"customer_id":14619553,"comment_count":1,"rating":2,"images":[{"id":631049,"full_path":"https:\/\/vcdn.tikicdn.com\/ts\/review\/e5\/75\/b1\/1cf877a5c673befe5984794083db468c.jpg"}],"thanked":false,"created_at":1572164588,"created_by":{"id":14619553,